year,account_ownership,account_lower,account_upper,digital_payment,payment_lower,payment_upper
2025,53.23578122400704,50.57399216280669,55.897570285207394,38.0,35.34,40.66
2026,59.57269736234139,56.59406249422432,62.551332230458456,46.0,42.78,49.22
2027,65.40961350067482,62.139132825641084,68.68009417570856,52.0,48.36,55.64
